,CLUSTERS,SILHOUETTE_IDX
0,2,0.6201119220593995
1,3,0.7169748400644839
2,4,0.8386659486355723
3,5,0.6172927087302321
4,6,0.7354775782603412
5,7,0.38327136677100215
6,8,0.48181376450320773
7,9,0.6312377237511968
