,CLUSTERS,SILHOUETTE_IDX
0,2,0.466151378790124
1,3,0.7569988860384674
2,4,0.8368554428096436
3,5,0.33463326427285395
4,6,0.5045434082156027
5,7,0.6010484611748466
6,8,0.5806907662239184
7,9,0.5514439281992181
