,CLUSTERS,SILHOUETTE_IDX
0,2,0.6201119220593995
1,3,0.7532982096344929
2,4,0.5056537826784244
3,5,0.6267043994561214
4,6,0.7378551464010442
5,7,0.6885796178880431
6,8,-0.125
7,9,0.4933577072527269
