,CLUSTERS,SILHOUETTE_IDX
0,2,0.4696320404834272
1,3,0.7569988860384674
2,4,0.7571181950176276
3,5,0.6224424244061778
4,6,0.7378551464010442
5,7,0.6997334045365464
6,8,0.47935774507359236
7,9,0.49291272356324295
